[
    {
        "Company Name": "Top 50 SaaS Companies (2025)",
        "Website": "explodingtopics.com",
        "URL": "https://explodingtopics.com/blog/top-saas-companies",
        "Email": "josh@explodingtopics.com",
        "Industry": "SaaS",
        "Location": "United States"
    },
    {
        "Company Name": "76 Top SaaS Companies to Know In 2024",
        "Website": "www.datamation.com",
        "URL": "https://www.datamation.com/cloud/saas-companies/",
        "Email": "john.doe@example.com",
        "Industry": "SaaS",
        "Location": "United States"
    },
    {
        "Company Name": "Top 253 SaaS Startups 2025 | Funded by Sequoia, YC, A16Z",
        "Website": "topstartups.io",
        "URL": "https://topstartups.io/?industries=SaaS",
        "Email": "bootstrap@5.1.0",
        "Industry": "SaaS",
        "Location": "United States"
    },
    {
        "Company Name": "Best Of The Best: 99+ Top SaaS Companies To Know (2025)",
        "Website": "www.cloudzero.com",
        "URL": "https://www.cloudzero.com/blog/top-saas-companies/",
        "Email": "skillsoft-300x114@2x.webp",
        "Industry": "SaaS",
        "Location": "United States"
    },
    {
        "Company Name": "Checking your browser",
        "Website": "www.f6s.com",
        "URL": "https://www.f6s.com/companies/saas/united-states/co",
        "Email": "support@f6s.com",
        "Industry": "SaaS",
        "Location": "United States"
    },
    {
        "Company Name": "Reddit",
        "Website": "www.reddit.com",
        "URL": "https://www.reddit.com/r/sales/comments/11fqfbo/best_saas_companies_to_get_into_right_now/",
        "Email": "9f057df6115a4bb488c08ea12a835e6e@error-tracking.reddit.com",
        "Industry": "SaaS",
        "Location": "United States"
    },
    {
        "Company Name": "Largest SaaS Companies",
        "Website": "ordwaylabs.com",
        "URL": "https://ordwaylabs.com/resources/research/list-of-largest-saas-companies/",
        "Email": "hello@ordwaylabs.com",
        "Industry": "SaaS",
        "Location": "United States"
    },
    {
        "Company Name": "Top SaaS Startups \u2013 Discover New Companies with Great Potential",
        "Website": "qubit-labs.com",
        "URL": "https://qubit-labs.com/top-saas-startups-with-great-potential/",
        "Email": "press@qubit-labs.com",
        "Industry": "SaaS",
        "Location": "United States"
    },
    {
        "Company Name": "Discover the Top 25 SaaS Companies in USA for 2025",
        "Website": "www.mayuraconsultancy.com",
        "URL": "https://www.mayuraconsultancy.com/blog/top-saas-companies-in-usa",
        "Email": "aos@2.3.1",
        "Industry": "SaaS",
        "Location": "United States"
    },
    {
        "Company Name": "Reddit",
        "Website": "www.reddit.com",
        "URL": "https://www.reddit.com/r/sales/comments/1738t28/if_you_could_work_for_any_saas_company_what_would/",
        "Email": "9f057df6115a4bb488c08ea12a835e6e@error-tracking.reddit.com",
        "Industry": "SaaS",
        "Location": "United States"
    },
    {
        "Company Name": "Top 10 SaaS Companies in the World",
        "Website": "www.fortunesoftit.com",
        "URL": "https://www.fortunesoftit.com/top-10-saas-companies-in-the-world/",
        "Email": "contact@fortunesoftit.com",
        "Industry": "SaaS",
        "Location": "United States"
    },
    {
        "Company Name": "The top SaaS companies ruling the East Coast",
        "Website": "www.saastock.com",
        "URL": "https://www.saastock.com/blog/top-saas-companies-ruling-the-east-coast/",
        "Email": "michaeljjacobson1@gmail.com",
        "Industry": "SaaS",
        "Location": "United States"
    },
    {
        "Company Name": "Top US SaaS Product Development Companies Compared",
        "Website": "scalevista.com",
        "URL": "https://scalevista.com/blog/top-saas-development-companies-us/",
        "Email": "info@scalevista.com",
        "Industry": "SaaS",
        "Location": "United States"
    },
    {
        "Company Name": "15 Biggest SaaS Companies in the World",
        "Website": "finance.yahoo.com",
        "URL": "https://finance.yahoo.com/news/15-biggest-saas-companies-world-123847983.html",
        "Email": "protobufjs@7.1.2",
        "Industry": "SaaS",
        "Location": "United States"
    },
    {
        "Company Name": "Top 10 Examples of SaaS Companies That Are Rocking It",
        "Website": "www.singlegrain.com",
        "URL": "https://www.singlegrain.com/saas/examples-of-saas-companies/",
        "Email": "js-cookie@3.0.1",
        "Industry": "SaaS",
        "Location": "United States"
    },
    {
        "Company Name": "Top 30 SaaS Companies in the US",
        "Website": "www.smartkarrot.com",
        "URL": "https://www.smartkarrot.com/resources/blog/top-saas-companies-in-us/",
        "Email": "bootstrap-select@1.14.0-beta2",
        "Industry": "SaaS",
        "Location": "United States"
    },
    {
        "Company Name": "Top SaaS Companies 2023 | Powderkeg",
        "Website": "powderkeg.com",
        "URL": "https://powderkeg.com/tech-companies/saas/",
        "Email": "firstname.lastname@cevalogistics.com.",
        "Industry": "SaaS",
        "Location": "United States"
    },
    {
        "Company Name": "6 Top SaaS Companies That Inspire Us",
        "Website": "flippa.com",
        "URL": "https://flippa.com/blog/top-saas-companies/",
        "Email": "cropped-Frame-1053@2x-32x32.png",
        "Industry": "SaaS",
        "Location": "United States"
    },
    {
        "Company Name": "Success in SaaS: Top Companies, Failures & Key Strategies",
        "Website": "www.technologiasolutions.com",
        "URL": "https://www.technologiasolutions.com/news-articles/best-saas-development-agency-in-usa",
        "Email": "info@technologiasolutions.com",
        "Industry": "SaaS",
        "Location": "United States"
    },
    {
        "Company Name": "17 Fast Growing SaaS Startups to Follow in 2024 | SaaS Academy",
        "Website": "www.saasacademy.com",
        "URL": "https://www.saasacademy.com/blog/17-fast-growing-saas-startups",
        "Email": "bootstrap@5.3.0",
        "Industry": "SaaS",
        "Location": "United States"
    },
    {
        "Company Name": "Checking your browser",
        "Website": "www.f6s.com",
        "URL": "https://www.f6s.com/companies/saas/united-states/co",
        "Email": "support@f6s.com",
        "Industry": "SaaS",
        "Location": "United States"
    },
    {
        "Company Name": "Reddit",
        "Website": "www.reddit.com",
        "URL": "https://www.reddit.com/r/sales/comments/11fqfbo/best_saas_companies_to_get_into_right_now/",
        "Email": "9f057df6115a4bb488c08ea12a835e6e@error-tracking.reddit.com",
        "Industry": "SaaS",
        "Location": "United States"
    },
    {
        "Company Name": "Largest SaaS Companies",
        "Website": "ordwaylabs.com",
        "URL": "https://ordwaylabs.com/resources/research/list-of-largest-saas-companies/",
        "Email": "hello@ordwaylabs.com",
        "Industry": "SaaS",
        "Location": "United States"
    },
    {
        "Company Name": "Top SaaS Startups \u2013 Discover New Companies with Great Potential",
        "Website": "qubit-labs.com",
        "URL": "https://qubit-labs.com/top-saas-startups-with-great-potential/",
        "Email": "press@qubit-labs.com",
        "Industry": "SaaS",
        "Location": "United States"
    },
    {
        "Company Name": "Discover the Top 25 SaaS Companies in USA for 2025",
        "Website": "www.mayuraconsultancy.com",
        "URL": "https://www.mayuraconsultancy.com/blog/top-saas-companies-in-usa",
        "Email": "aos@2.3.1",
        "Industry": "SaaS",
        "Location": "United States"
    },
    {
        "Company Name": "Reddit",
        "Website": "www.reddit.com",
        "URL": "https://www.reddit.com/r/sales/comments/1738t28/if_you_could_work_for_any_saas_company_what_would/",
        "Email": "9f057df6115a4bb488c08ea12a835e6e@error-tracking.reddit.com",
        "Industry": "SaaS",
        "Location": "United States"
    },
    {
        "Company Name": "Top 10 SaaS Companies in the World",
        "Website": "www.fortunesoftit.com",
        "URL": "https://www.fortunesoftit.com/top-10-saas-companies-in-the-world/",
        "Email": "contact@fortunesoftit.com",
        "Industry": "SaaS",
        "Location": "United States"
    },
    {
        "Company Name": "The top SaaS companies ruling the East Coast",
        "Website": "www.saastock.com",
        "URL": "https://www.saastock.com/blog/top-saas-companies-ruling-the-east-coast/",
        "Email": "michaeljjacobson1@gmail.com",
        "Industry": "SaaS",
        "Location": "United States"
    },
    {
        "Company Name": "Top US SaaS Product Development Companies Compared",
        "Website": "scalevista.com",
        "URL": "https://scalevista.com/blog/top-saas-development-companies-us/",
        "Email": "info@scalevista.com",
        "Industry": "SaaS",
        "Location": "United States"
    },
    {
        "Company Name": "Top 10 Examples of SaaS Companies That Are Rocking It",
        "Website": "www.singlegrain.com",
        "URL": "https://www.singlegrain.com/saas/examples-of-saas-companies/",
        "Email": "js-cookie@3.0.1",
        "Industry": "SaaS",
        "Location": "United States"
    },
    {
        "Company Name": "15 Biggest SaaS Companies in the World",
        "Website": "finance.yahoo.com",
        "URL": "https://finance.yahoo.com/news/15-biggest-saas-companies-world-123847983.html",
        "Email": "protobufjs@7.1.2",
        "Industry": "SaaS",
        "Location": "United States"
    },
    {
        "Company Name": "Top 30 SaaS Companies in the US",
        "Website": "www.smartkarrot.com",
        "URL": "https://www.smartkarrot.com/resources/blog/top-saas-companies-in-us/",
        "Email": "bootstrap-select@1.14.0-beta2",
        "Industry": "SaaS",
        "Location": "United States"
    },
    {
        "Company Name": "Top SaaS Companies 2023 | Powderkeg",
        "Website": "powderkeg.com",
        "URL": "https://powderkeg.com/tech-companies/saas/",
        "Email": "firstname.lastname@cevalogistics.com.",
        "Industry": "SaaS",
        "Location": "United States"
    },
    {
        "Company Name": "Success in SaaS: Top Companies, Failures & Key Strategies",
        "Website": "www.technologiasolutions.com",
        "URL": "https://www.technologiasolutions.com/news-articles/best-saas-development-agency-in-usa",
        "Email": "info@technologiasolutions.com",
        "Industry": "SaaS",
        "Location": "United States"
    },
    {
        "Company Name": "6 Top SaaS Companies That Inspire Us",
        "Website": "flippa.com",
        "URL": "https://flippa.com/blog/top-saas-companies/",
        "Email": "cropped-Frame-1053@2x-32x32.png",
        "Industry": "SaaS",
        "Location": "United States"
    },
    {
        "Company Name": "How Many SaaS Companies Are There? (2024)",
        "Website": "explodingtopics.com",
        "URL": "https://explodingtopics.com/blog/number-of-saas-companies",
        "Email": "josh@explodingtopics.com",
        "Industry": "SaaS",
        "Location": "United States"
    },
    {
        "Company Name": "Top 10 SaaS stocks | Dr Wealth",
        "Website": "drwealth.com",
        "URL": "https://drwealth.com/top-10-saas-stocks/",
        "Email": "admin@drwealth.com",
        "Industry": "SaaS",
        "Location": "United States"
    },
    {
        "Company Name": "Top SaaS Companies in 2025 | Crowdcreate",
        "Website": "crowdcreate.us",
        "URL": "https://crowdcreate.us/top-saas-companies-in-2024/",
        "Email": "hello@crowdcreate.us",
        "Industry": "SaaS",
        "Location": "United States"
    },
    {
        "Company Name": "30 best SaaS websites to gain inspiration from in 2025 | Marketer Milk",
        "Website": "www.marketermilk.com",
        "URL": "https://www.marketermilk.com/blog/best-saas-websites",
        "Email": "hi@marketermilk.com",
        "Industry": "SaaS",
        "Location": "United States"
    },
    {
        "Company Name": "What are some popular examples of successful SaaS companies?",
        "Website": "www.quora.com",
        "URL": "https://www.quora.com/What-are-some-popular-examples-of-successful-SaaS-companies",
        "Email": "jo@samaritans.org",
        "Industry": "SaaS",
        "Location": "United States"
    },
    {
        "Company Name": "The top 10 largest B2B SaaS companies in the US \u2013 Launched Tech News",
        "Website": "tbtech.co",
        "URL": "https://tbtech.co/cloud/the-top-10-largest-b2b-saas-companies-in-the-us/",
        "Email": "adonovan-stevens@52.56.93.237",
        "Industry": "SaaS",
        "Location": "United States"
    },
    {
        "Company Name": "Discover the Top 25 SaaS Companies in USA for 2025",
        "Website": "www.mayuraconsultancy.com",
        "URL": "https://www.mayuraconsultancy.com/blog/top-saas-companies-in-usa",
        "Email": "aos@2.3.1",
        "Industry": "SaaS",
        "Location": "United States"
    },
    {
        "Company Name": "Reddit",
        "Website": "www.reddit.com",
        "URL": "https://www.reddit.com/r/sales/comments/1738t28/if_you_could_work_for_any_saas_company_what_would/",
        "Email": "9f057df6115a4bb488c08ea12a835e6e@error-tracking.reddit.com",
        "Industry": "SaaS",
        "Location": "United States"
    },
    {
        "Company Name": "Top 10 SaaS Companies in the World",
        "Website": "www.fortunesoftit.com",
        "URL": "https://www.fortunesoftit.com/top-10-saas-companies-in-the-world/",
        "Email": "contact@fortunesoftit.com",
        "Industry": "SaaS",
        "Location": "United States"
    },
    {
        "Company Name": "The top SaaS companies ruling the East Coast",
        "Website": "www.saastock.com",
        "URL": "https://www.saastock.com/blog/top-saas-companies-ruling-the-east-coast/",
        "Email": "michaeljjacobson1@gmail.com",
        "Industry": "SaaS",
        "Location": "United States"
    },
    {
        "Company Name": "Top US SaaS Product Development Companies Compared",
        "Website": "scalevista.com",
        "URL": "https://scalevista.com/blog/top-saas-development-companies-us/",
        "Email": "info@scalevista.com",
        "Industry": "SaaS",
        "Location": "United States"
    },
    {
        "Company Name": "Top 10 Examples of SaaS Companies That Are Rocking It",
        "Website": "www.singlegrain.com",
        "URL": "https://www.singlegrain.com/saas/examples-of-saas-companies/",
        "Email": "js-cookie@3.0.1",
        "Industry": "SaaS",
        "Location": "United States"
    },
    {
        "Company Name": "15 Biggest SaaS Companies in the World",
        "Website": "finance.yahoo.com",
        "URL": "https://finance.yahoo.com/news/15-biggest-saas-companies-world-123847983.html",
        "Email": "protobufjs@7.1.2",
        "Industry": "SaaS",
        "Location": "United States"
    },
    {
        "Company Name": "Top 30 SaaS Companies in the US",
        "Website": "www.smartkarrot.com",
        "URL": "https://www.smartkarrot.com/resources/blog/top-saas-companies-in-us/",
        "Email": "bootstrap-select@1.14.0-beta2",
        "Industry": "SaaS",
        "Location": "United States"
    },
    {
        "Company Name": "Top SaaS Companies 2023 | Powderkeg",
        "Website": "powderkeg.com",
        "URL": "https://powderkeg.com/tech-companies/saas/",
        "Email": "firstname.lastname@cevalogistics.com.",
        "Industry": "SaaS",
        "Location": "United States"
    },
    {
        "Company Name": "Success in SaaS: Top Companies, Failures & Key Strategies",
        "Website": "www.technologiasolutions.com",
        "URL": "https://www.technologiasolutions.com/news-articles/best-saas-development-agency-in-usa",
        "Email": "info@technologiasolutions.com",
        "Industry": "SaaS",
        "Location": "United States"
    },
    {
        "Company Name": "6 Top SaaS Companies That Inspire Us",
        "Website": "flippa.com",
        "URL": "https://flippa.com/blog/top-saas-companies/",
        "Email": "cropped-Frame-1053@2x-32x32.png",
        "Industry": "SaaS",
        "Location": "United States"
    },
    {
        "Company Name": "How Many SaaS Companies Are There? (2024)",
        "Website": "explodingtopics.com",
        "URL": "https://explodingtopics.com/blog/number-of-saas-companies",
        "Email": "josh@explodingtopics.com",
        "Industry": "SaaS",
        "Location": "United States"
    },
    {
        "Company Name": "Top 10 SaaS stocks | Dr Wealth",
        "Website": "drwealth.com",
        "URL": "https://drwealth.com/top-10-saas-stocks/",
        "Email": "admin@drwealth.com",
        "Industry": "SaaS",
        "Location": "United States"
    },
    {
        "Company Name": "Top SaaS Companies in 2025 | Crowdcreate",
        "Website": "crowdcreate.us",
        "URL": "https://crowdcreate.us/top-saas-companies-in-2024/",
        "Email": "hello@crowdcreate.us",
        "Industry": "SaaS",
        "Location": "United States"
    },
    {
        "Company Name": "30 best SaaS websites to gain inspiration from in 2025 | Marketer Milk",
        "Website": "www.marketermilk.com",
        "URL": "https://www.marketermilk.com/blog/best-saas-websites",
        "Email": "hi@marketermilk.com",
        "Industry": "SaaS",
        "Location": "United States"
    },
    {
        "Company Name": "What are some popular examples of successful SaaS companies?",
        "Website": "www.quora.com",
        "URL": "https://www.quora.com/What-are-some-popular-examples-of-successful-SaaS-companies",
        "Email": "jo@samaritans.org",
        "Industry": "SaaS",
        "Location": "United States"
    },
    {
        "Company Name": "The top 10 largest B2B SaaS companies in the US \u2013 Launched Tech News",
        "Website": "tbtech.co",
        "URL": "https://tbtech.co/cloud/the-top-10-largest-b2b-saas-companies-in-the-us/",
        "Email": "adonovan-stevens@52.56.93.237",
        "Industry": "SaaS",
        "Location": "United States"
    },
    {
        "Company Name": "SAAS Companies in USA",
        "Website": "www.easyleadz.com",
        "URL": "https://www.easyleadz.com/lists/SAAS-companies-in-USA",
        "Email": "support@easyleadz.com",
        "Industry": "SaaS",
        "Location": "United States"
    },
    {
        "Company Name": "Best SaaS Startup Ideas To Launch in 2025",
        "Website": "www.youtube.com",
        "URL": "https://www.youtube.com/watch?v=wohj4MSD2MM",
        "Email": "wght@300..900",
        "Industry": "SaaS",
        "Location": "United States"
    },
    {
        "Company Name": "Top startups in SaaS in United States (Apr, 2025)",
        "Website": "tracxn.com",
        "URL": "https://tracxn.com/d/explore/saas-startups-in-united-states/__8yEy-Zy00wSIJmZxllMIVATGGDnD7CFUNcPnep06UR0/companies",
        "Email": "hi@tracxn.com",
        "Industry": "SaaS",
        "Location": "United States"
    },
    {
        "Company Name": "Best SaaS Startups to Watch in 2024 [25+ SaaS Companies]",
        "Website": "www.upsilonit.com",
        "URL": "https://www.upsilonit.com/blog/top-saas-startups-and-companies-to-follow",
        "Email": "hi@upsilonit.com",
        "Industry": "SaaS",
        "Location": "United States"
    },
    {
        "Company Name": "20 Best SaaS Development Companies in the USA",
        "Website": "inoxoft.com",
        "URL": "https://inoxoft.com/blog/best-saas-development-companies-usa/",
        "Email": "12@3x-80-scaled.jpg",
        "Industry": "SaaS",
        "Location": "United States"
    },
    {
        "Company Name": "Top 10 Examples of SaaS Companies That Are Rocking It",
        "Website": "www.singlegrain.com",
        "URL": "https://www.singlegrain.com/saas/examples-of-saas-companies/",
        "Email": "js-cookie@3.0.1",
        "Industry": "SaaS",
        "Location": "United States"
    },
    {
        "Company Name": "15 Biggest SaaS Companies in the World",
        "Website": "finance.yahoo.com",
        "URL": "https://finance.yahoo.com/news/15-biggest-saas-companies-world-123847983.html",
        "Email": "protobufjs@7.1.2",
        "Industry": "SaaS",
        "Location": "United States"
    },
    {
        "Company Name": "Top 30 SaaS Companies in the US",
        "Website": "www.smartkarrot.com",
        "URL": "https://www.smartkarrot.com/resources/blog/top-saas-companies-in-us/",
        "Email": "bootstrap-select@1.14.0-beta2",
        "Industry": "SaaS",
        "Location": "United States"
    },
    {
        "Company Name": "Top SaaS Companies 2023 | Powderkeg",
        "Website": "powderkeg.com",
        "URL": "https://powderkeg.com/tech-companies/saas/",
        "Email": "firstname.lastname@cevalogistics.com.",
        "Industry": "SaaS",
        "Location": "United States"
    },
    {
        "Company Name": "Success in SaaS: Top Companies, Failures & Key Strategies",
        "Website": "www.technologiasolutions.com",
        "URL": "https://www.technologiasolutions.com/news-articles/best-saas-development-agency-in-usa",
        "Email": "info@technologiasolutions.com",
        "Industry": "SaaS",
        "Location": "United States"
    },
    {
        "Company Name": "6 Top SaaS Companies That Inspire Us",
        "Website": "flippa.com",
        "URL": "https://flippa.com/blog/top-saas-companies/",
        "Email": "cropped-Frame-1053@2x-32x32.png",
        "Industry": "SaaS",
        "Location": "United States"
    },
    {
        "Company Name": "How Many SaaS Companies Are There? (2024)",
        "Website": "explodingtopics.com",
        "URL": "https://explodingtopics.com/blog/number-of-saas-companies",
        "Email": "josh@explodingtopics.com",
        "Industry": "SaaS",
        "Location": "United States"
    },
    {
        "Company Name": "Top 10 SaaS stocks | Dr Wealth",
        "Website": "drwealth.com",
        "URL": "https://drwealth.com/top-10-saas-stocks/",
        "Email": "admin@drwealth.com",
        "Industry": "SaaS",
        "Location": "United States"
    },
    {
        "Company Name": "30 best SaaS websites to gain inspiration from in 2025 | Marketer Milk",
        "Website": "www.marketermilk.com",
        "URL": "https://www.marketermilk.com/blog/best-saas-websites",
        "Email": "hi@marketermilk.com",
        "Industry": "SaaS",
        "Location": "United States"
    },
    {
        "Company Name": "What are some popular examples of successful SaaS companies?",
        "Website": "www.quora.com",
        "URL": "https://www.quora.com/What-are-some-popular-examples-of-successful-SaaS-companies",
        "Email": "jo@samaritans.org",
        "Industry": "SaaS",
        "Location": "United States"
    },
    {
        "Company Name": "The top 10 largest B2B SaaS companies in the US \u2013 Launched Tech News",
        "Website": "tbtech.co",
        "URL": "https://tbtech.co/cloud/the-top-10-largest-b2b-saas-companies-in-the-us/",
        "Email": "adonovan-stevens@52.56.93.237",
        "Industry": "SaaS",
        "Location": "United States"
    },
    {
        "Company Name": "SAAS Companies in USA",
        "Website": "www.easyleadz.com",
        "URL": "https://www.easyleadz.com/lists/SAAS-companies-in-USA",
        "Email": "support@easyleadz.com",
        "Industry": "SaaS",
        "Location": "United States"
    },
    {
        "Company Name": "Top startups in SaaS in United States (Apr, 2025)",
        "Website": "tracxn.com",
        "URL": "https://tracxn.com/d/explore/saas-startups-in-united-states/__8yEy-Zy00wSIJmZxllMIVATGGDnD7CFUNcPnep06UR0/companies",
        "Email": "hi@tracxn.com",
        "Industry": "SaaS",
        "Location": "United States"
    },
    {
        "Company Name": "Top SaaS Companies in 2025 | Crowdcreate",
        "Website": "crowdcreate.us",
        "URL": "https://crowdcreate.us/top-saas-companies-in-2024/",
        "Email": "hello@crowdcreate.us",
        "Industry": "SaaS",
        "Location": "United States"
    },
    {
        "Company Name": "Best SaaS Startups to Watch in 2024 [25+ SaaS Companies]",
        "Website": "www.upsilonit.com",
        "URL": "https://www.upsilonit.com/blog/top-saas-startups-and-companies-to-follow",
        "Email": "hi@upsilonit.com",
        "Industry": "SaaS",
        "Location": "United States"
    },
    {
        "Company Name": "20 Best SaaS Development Companies in the USA",
        "Website": "inoxoft.com",
        "URL": "https://inoxoft.com/blog/best-saas-development-companies-usa/",
        "Email": "12@3x-80-scaled.jpg",
        "Industry": "SaaS",
        "Location": "United States"
    },
    {
        "Company Name": "SaaS Business and Websites for Sale",
        "Website": "flippa.com",
        "URL": "https://flippa.com/buy/sitetype/saas",
        "Email": "flag-icons@6.6.6",
        "Industry": "SaaS",
        "Location": "United States"
    },
    {
        "Company Name": "The Best Landing Page Examples For Design Inspiration",
        "Website": "saaslandingpage.com",
        "URL": "https://saaslandingpage.com/",
        "Email": "Link-Share-Img@2x.png",
        "Industry": "SaaS",
        "Location": "United States"
    },
    {
        "Company Name": "The Top SaaS Companies in 2023 According to Our Data | Cledara",
        "Website": "www.cledara.com",
        "URL": "https://www.cledara.com/blog/top-300-saas-companies",
        "Email": "webflow-util@5.3.5",
        "Industry": "SaaS",
        "Location": "United States"
    },
    {
        "Company Name": "Top 300 SaaS Startups in 2024",
        "Website": "www.failory.com",
        "URL": "https://www.failory.com/startups/saas",
        "Email": "nico@failory.com",
        "Industry": "SaaS",
        "Location": "United States"
    },
    {
        "Company Name": "Top 10 SaaS Development Companies in the USA | by Mark Williams | Medium",
        "Website": "medium.com",
        "URL": "https://medium.com/@openxcelltechnology/top-10-saas-development-companies-in-the-usa-5c8b287faec8",
        "Email": "uULpIlImcO5TDuBZ6lm7Lg@2x.png",
        "Industry": "SaaS",
        "Location": "United States"
    },
    {
        "Company Name": "Forbes Cloud 100 2024 List",
        "Website": "www.forbes.com",
        "URL": "https://www.forbes.com/lists/cloud100/",
        "Email": "md51691420036198@forbes.com",
        "Industry": "SaaS",
        "Location": "United States"
    },
    {
        "Company Name": "Buy & Sell Profitable Online Businesses | Acquire.com",
        "Website": "acquire.com",
        "URL": "https://acquire.com/",
        "Email": "only-sellers-card@2x.f6c8e9.png",
        "Industry": "SaaS",
        "Location": "United States"
    },
    {
        "Company Name": "15 Biggest SaaS Companies in the World",
        "Website": "finance.yahoo.com",
        "URL": "https://finance.yahoo.com/news/15-biggest-saas-companies-world-123847983.html",
        "Email": "protobufjs@7.1.2",
        "Industry": "SaaS",
        "Location": "United States"
    },
    {
        "Company Name": "Top 10 Examples of SaaS Companies That Are Rocking It",
        "Website": "www.singlegrain.com",
        "URL": "https://www.singlegrain.com/saas/examples-of-saas-companies/",
        "Email": "js-cookie@3.0.1",
        "Industry": "SaaS",
        "Location": "United States"
    },
    {
        "Company Name": "Top 30 SaaS Companies in the US",
        "Website": "www.smartkarrot.com",
        "URL": "https://www.smartkarrot.com/resources/blog/top-saas-companies-in-us/",
        "Email": "bootstrap-select@1.14.0-beta2",
        "Industry": "SaaS",
        "Location": "United States"
    },
    {
        "Company Name": "Top SaaS Companies 2023 | Powderkeg",
        "Website": "powderkeg.com",
        "URL": "https://powderkeg.com/tech-companies/saas/",
        "Email": "firstname.lastname@cevalogistics.com.",
        "Industry": "SaaS",
        "Location": "United States"
    },
    {
        "Company Name": "6 Top SaaS Companies That Inspire Us",
        "Website": "flippa.com",
        "URL": "https://flippa.com/blog/top-saas-companies/",
        "Email": "cropped-Frame-1053@2x-32x32.png",
        "Industry": "SaaS",
        "Location": "United States"
    },
    {
        "Company Name": "Success in SaaS: Top Companies, Failures & Key Strategies",
        "Website": "www.technologiasolutions.com",
        "URL": "https://www.technologiasolutions.com/news-articles/best-saas-development-agency-in-usa",
        "Email": "info@technologiasolutions.com",
        "Industry": "SaaS",
        "Location": "United States"
    },
    {
        "Company Name": "17 Fast Growing SaaS Startups to Follow in 2024 | SaaS Academy",
        "Website": "www.saasacademy.com",
        "URL": "https://www.saasacademy.com/blog/17-fast-growing-saas-startups",
        "Email": "bootstrap@5.3.0",
        "Industry": "SaaS",
        "Location": "United States"
    },
    {
        "Company Name": "How Many SaaS Companies Are There? (2024)",
        "Website": "explodingtopics.com",
        "URL": "https://explodingtopics.com/blog/number-of-saas-companies",
        "Email": "josh@explodingtopics.com",
        "Industry": "SaaS",
        "Location": "United States"
    },
    {
        "Company Name": "Top 10 SaaS stocks | Dr Wealth",
        "Website": "drwealth.com",
        "URL": "https://drwealth.com/top-10-saas-stocks/",
        "Email": "admin@drwealth.com",
        "Industry": "SaaS",
        "Location": "United States"
    },
    {
        "Company Name": "30 best SaaS websites to gain inspiration from in 2025 | Marketer Milk",
        "Website": "www.marketermilk.com",
        "URL": "https://www.marketermilk.com/blog/best-saas-websites",
        "Email": "hi@marketermilk.com",
        "Industry": "SaaS",
        "Location": "United States"
    },
    {
        "Company Name": "What are some popular examples of successful SaaS companies?",
        "Website": "www.quora.com",
        "URL": "https://www.quora.com/What-are-some-popular-examples-of-successful-SaaS-companies",
        "Email": "jo@samaritans.org",
        "Industry": "SaaS",
        "Location": "United States"
    },
    {
        "Company Name": "SAAS Companies in USA",
        "Website": "www.easyleadz.com",
        "URL": "https://www.easyleadz.com/lists/SAAS-companies-in-USA",
        "Email": "support@easyleadz.com",
        "Industry": "SaaS",
        "Location": "United States"
    },
    {
        "Company Name": "Top SaaS Companies in 2025 | Crowdcreate",
        "Website": "crowdcreate.us",
        "URL": "https://crowdcreate.us/top-saas-companies-in-2024/",
        "Email": "hello@crowdcreate.us",
        "Industry": "SaaS",
        "Location": "United States"
    },
    {
        "Company Name": "Top startups in SaaS in United States (Apr, 2025)",
        "Website": "tracxn.com",
        "URL": "https://tracxn.com/d/explore/saas-startups-in-united-states/__8yEy-Zy00wSIJmZxllMIVATGGDnD7CFUNcPnep06UR0/companies",
        "Email": "hi@tracxn.com",
        "Industry": "SaaS",
        "Location": "United States"
    }
]