[
    {
        "Company Name": "The 50 Biggest SaaS Companies in the U.S. (Updated Weekly)",
        "Website": "www.mikesonders.com",
        "URL": "https://www.mikesonders.com/largest-saas-companies/",
        "Industry": "SaaS",
        "Location": "United States",
        "Email": null
    },
    {
        "Company Name": "Top 50 SaaS Companies (2025)",
        "Website": "explodingtopics.com",
        "URL": "https://explodingtopics.com/blog/top-saas-companies",
        "Industry": "SaaS",
        "Location": "United States",
        "Email": "josh@explodingtopics.com"
    },
    {
        "Company Name": "The top 100 SaaS companies",
        "Website": "www.vertice.one",
        "URL": "https://www.vertice.one/blog/the-top-100-saas-companies",
        "Industry": "SaaS",
        "Location": "United States",
        "Email": null
    },
    {
        "Company Name": "76 Top SaaS Companies to Know In 2024",
        "Website": "www.datamation.com",
        "URL": "https://www.datamation.com/cloud/saas-companies/",
        "Industry": "SaaS",
        "Location": "United States",
        "Email": null
    },
    {
        "Company Name": "wellfound.com",
        "Website": "wellfound.com",
        "URL": "https://wellfound.com/startups/industry/saas",
        "Industry": "SaaS",
        "Location": "United States",
        "Email": null
    },
    {
        "Company Name": "114 SaaS Companies to Know 2025 | Built In",
        "Website": "builtin.com",
        "URL": "https://builtin.com/articles/saas-companies",
        "Industry": "SaaS",
        "Location": "United States",
        "Email": null
    },
    {
        "Company Name": "Security Check",
        "Website": "www.indeed.com",
        "URL": "https://www.indeed.com/career-advice/finding-a-job/top-saas-companies",
        "Industry": "SaaS",
        "Location": "United States",
        "Email": null
    },
    {
        "Company Name": "Top 254 SaaS Startups 2025 | Funded by Sequoia, YC, A16Z",
        "Website": "topstartups.io",
        "URL": "https://topstartups.io/?industries=SaaS",
        "Industry": "SaaS",
        "Location": "United States",
        "Email": "bootstrap@5.1.0"
    },
    {
        "Company Name": "SaaS Startups funded by Y Combinator (YC) 2025 | Y Combinator",
        "Website": "www.ycombinator.com",
        "URL": "https://www.ycombinator.com/companies/industry/saas",
        "Industry": "SaaS",
        "Location": "United States",
        "Email": null
    },
    {
        "Company Name": "Best Of The Best: 99+ Top SaaS Companies To Know (2025)",
        "Website": "www.cloudzero.com",
        "URL": "https://www.cloudzero.com/blog/top-saas-companies/",
        "Industry": "SaaS",
        "Location": "United States",
        "Email": "densify-3-300x196@2x.webp"
    },
    {
        "Company Name": "Top Public SaaS Companies By Market Cap (2025) | Eqvista",
        "Website": "eqvista.com",
        "URL": "https://eqvista.com/top-public-saas-companies-by-market-cap/",
        "Industry": "SaaS",
        "Location": "United States",
        "Email": null
    },
    {
        "Company Name": "Top 100 SaaS startups in USA (April 2025)",
        "Website": "www.saastartups.org",
        "URL": "https://www.saastartups.org/country/USA/",
        "Industry": "SaaS",
        "Location": "United States",
        "Email": null
    },
    {
        "Company Name": "SaaS 1000",
        "Website": "www.saasmag.com",
        "URL": "https://www.saasmag.com/saas-1000/",
        "Industry": "SaaS",
        "Location": "United States",
        "Email": null
    },
    {
        "Company Name": "Just a moment...",
        "Website": "technologymagazine.com",
        "URL": "https://technologymagazine.com/articles/top-10-saas-platforms",
        "Industry": "SaaS",
        "Location": "United States",
        "Email": null
    },
    {
        "Company Name": "Just a moment...",
        "Website": "www.builtinnyc.com",
        "URL": "https://www.builtinnyc.com/articles/saas-companies-nyc",
        "Industry": "SaaS",
        "Location": "United States",
        "Email": null
    },
    {
        "Company Name": "Checking your browser",
        "Website": "www.f6s.com",
        "URL": "https://www.f6s.com/companies/saas/united-states/co",
        "Industry": "SaaS",
        "Location": "United States",
        "Email": "support@f6s.com"
    },
    {
        "Company Name": "Just a moment...",
        "Website": "ascendixtech.com",
        "URL": "https://ascendixtech.com/top-saas-startups/",
        "Industry": "SaaS",
        "Location": "United States",
        "Email": null
    },
    {
        "Company Name": "Reddit",
        "Website": "www.reddit.com",
        "URL": "https://www.reddit.com/r/sales/comments/11fqfbo/best_saas_companies_to_get_into_right_now/",
        "Industry": "SaaS",
        "Location": "United States",
        "Email": "9f057df6115a4bb488c08ea12a835e6e@error-tracking.reddit.com"
    },
    {
        "Company Name": "Largest SaaS Companies",
        "Website": "ordwaylabs.com",
        "URL": "https://ordwaylabs.com/resources/research/list-of-largest-saas-companies/",
        "Industry": "SaaS",
        "Location": "United States",
        "Email": "hello@ordwaylabs.com"
    },
    {
        "Company Name": "Top SaaS Startups \u2013 Discover New Companies with Great Potential",
        "Website": "qubit-labs.com",
        "URL": "https://qubit-labs.com/top-saas-startups-with-great-potential/",
        "Industry": "SaaS",
        "Location": "United States",
        "Email": "info@qubit-labs.com"
    },
    {
        "Company Name": "Attention Required! | Cloudflare",
        "Website": "www.crunchbase.com",
        "URL": "https://www.crunchbase.com/hub/united-states-saas-companies",
        "Industry": "SaaS",
        "Location": "United States",
        "Email": null
    },
    {
        "Company Name": "Discover the Top 25 SaaS Companies in USA for 2025",
        "Website": "www.mayuraconsultancy.com",
        "URL": "https://www.mayuraconsultancy.com/blog/top-saas-companies-in-usa",
        "Industry": "SaaS",
        "Location": "United States",
        "Email": "info@mayuraconsultancy.com"
    },
    {
        "Company Name": "Top SaaS companies by market cap 2025| Statista",
        "Website": "www.statista.com",
        "URL": "https://www.statista.com/statistics/1496279/top-10-saas-companies/",
        "Industry": "SaaS",
        "Location": "United States",
        "Email": null
    },
    {
        "Company Name": "List of SaaS companies in the United States | 9,398 results | Golden",
        "Website": "golden.com",
        "URL": "https://golden.com/query/list-of-saas-companies-in-the-united-states-J6E3",
        "Industry": "SaaS",
        "Location": "United States",
        "Email": null
    },
    {
        "Company Name": "Reddit",
        "Website": "www.reddit.com",
        "URL": "https://www.reddit.com/r/sales/comments/1738t28/if_you_could_work_for_any_saas_company_what_would/",
        "Industry": "SaaS",
        "Location": "United States",
        "Email": "9f057df6115a4bb488c08ea12a835e6e@error-tracking.reddit.com"
    },
    {
        "Company Name": "Top 10 SaaS Companies in the World",
        "Website": "www.fortunesoftit.com",
        "URL": "https://www.fortunesoftit.com/top-10-saas-companies-in-the-world/",
        "Industry": "SaaS",
        "Location": "United States",
        "Email": "contact@fortunesoftit.com"
    },
    {
        "Company Name": "The top SaaS companies ruling the East Coast",
        "Website": "www.saastock.com",
        "URL": "https://www.saastock.com/blog/top-saas-companies-ruling-the-east-coast/",
        "Industry": "SaaS",
        "Location": "United States",
        "Email": "michaeljjacobson1@gmail.com"
    },
    {
        "Company Name": "Top US SaaS Product Development Companies Compared",
        "Website": "scalevista.com",
        "URL": "https://scalevista.com/blog/top-saas-development-companies-us/",
        "Industry": "SaaS",
        "Location": "United States",
        "Email": "info@scalevista.com"
    },
    {
        "Company Name": "Explore 68 Best Software As A Service Saas Startups in United States to watch in 2025. Discover innovative companies, funding insights, and industry trends.",
        "Website": "www.seedtable.com",
        "URL": "https://www.seedtable.com/best-software-as-a-service-saas-startups-in-united-states",
        "Industry": "SaaS",
        "Location": "United States",
        "Email": null
    },
    {
        "Company Name": "Largest software companies by market cap",
        "Website": "companiesmarketcap.com",
        "URL": "https://companiesmarketcap.com/software/largest-software-companies-by-market-cap/",
        "Industry": "SaaS",
        "Location": "United States",
        "Email": null
    },
    {
        "Company Name": "List of Top 8.500 SaaS Companies in USA in 2025",
        "Website": "getleadwave.io",
        "URL": "https://getleadwave.io/usa-saas-companies-list",
        "Industry": "SaaS",
        "Location": "United States",
        "Email": null
    },
    {
        "Company Name": "Just a moment...",
        "Website": "www.goodfirms.co",
        "URL": "https://www.goodfirms.co/cloud-computing-companies/saas",
        "Industry": "SaaS",
        "Location": "United States",
        "Email": null
    },
    {
        "Company Name": "30 Best SaaS Companies to Work for in NYC",
        "Website": "www.digitalsilk.com",
        "URL": "https://www.digitalsilk.com/top-companies/saas-nyc/",
        "Industry": "SaaS",
        "Location": "United States",
        "Email": null
    },
    {
        "Company Name": "                                                                                                                                              \u2013 A free database of all SaaS businesses listed on the U.S. stock exchanges NYSE and NASDAQ",
        "Website": "publicsaascompanies.com",
        "URL": "https://publicsaascompanies.com/",
        "Industry": "SaaS",
        "Location": "United States",
        "Email": null
    },
    {
        "Company Name": "Top SaaS Development Companies in the USA\n",
        "Website": "www.micrasolution.com",
        "URL": "https://www.micrasolution.com/blog/top-saas-development-companies-in-the-usa",
        "Industry": "SaaS",
        "Location": "United States",
        "Email": null
    },
    {
        "Company Name": "Top SaaS for Small to Medium Size Businesses",
        "Website": "blog.nachonacho.com",
        "URL": "https://blog.nachonacho.com/saas-guides/top-saas-for-small-to-medium-size-businesses/",
        "Industry": "SaaS",
        "Location": "United States",
        "Email": null
    },
    {
        "Company Name": "Attention Required! | Cloudflare",
        "Website": "getlatka.com",
        "URL": "https://getlatka.com/companies/countries/united-states/1000?cap=small",
        "Industry": "SaaS",
        "Location": "United States",
        "Email": null
    },
    {
        "Company Name": "2025\u2019s Most Promising SaaS Companies to Work For",
        "Website": "www.cobloom.com",
        "URL": "https://www.cobloom.com/careers-blog/saas-companies-to-work-for",
        "Industry": "SaaS",
        "Location": "United States",
        "Email": null
    },
    {
        "Company Name": "30+ SaaS Companies & Products to Watch\u00a0 ",
        "Website": "blog.hubspot.com",
        "URL": "https://blog.hubspot.com/service/top-saas-companies",
        "Industry": "SaaS",
        "Location": "United States",
        "Email": null
    },
    {
        "Company Name": "Top 30 SaaS Companies in the US",
        "Website": "www.smartkarrot.com",
        "URL": "https://www.smartkarrot.com/resources/blog/top-saas-companies-in-us/",
        "Industry": "SaaS",
        "Location": "United States",
        "Email": "aos@2.3.1"
    }
]